Condition,Pragmatic Quality,SD Pragmatic Quality,SE Pragmatic Quality,Hedonic Quality,SD Hedonic Quality,SE Hedonic Quality,Overall,SD Overall,SE Overall
Control,1.1785714285714286,1.1284288406238332,0.30158529335492285,0.48214285714285715,1.6392548897003767,0.4381092976323369,0.8303571428571429,0.7746077525623343,0.2070226299448014
Visual,0.8214285714285714,1.4325494065468745,0.3828649334946242,1.5535714285714286,1.0477933379826765,0.2800345487768148,1.1875,1.043235997343768,0.2788165482578421
EMS,0.6785714285714286,1.4224456574335798,0.38016459295863353,2.0357142857142856,0.8483986208028745,0.22674406903256425,1.3571428571428572,0.918371707647069,0.24544516312298958
EMSVisual,0.2857142857142857,1.4238934396479703,0.38055152903127026,2.267857142857143,0.710256492905405,0.1898240323702616,1.2767857142857142,0.8935917307801596,0.23882243573097825
